{"cameraMode":{"drawMode":0,"name":"Shaded","section":"Shading Mode"},"sceneLighting":false,"audioPlay":false,"sceneViewState":{"showFog":false,"showMaterialUpdate":false,"showSkybox":false,"showFlares":false,"showImageEffects":false,"showParticleSystems":true},"in2DMode":false,"pivot":{"x":1.1920928955078126e-7,"y":1.1763370037078858,"z":-0.37703725695610049},"rotation":{"x":0.01819447986781597,"y":0.9814080595970154,"z":-0.14863643050193788,"w":0.12013173848390579},"size":1.8505592346191407,"orthographic":false}