{"cameraMode":{"drawMode":0,"name":"Shaded","section":"Shading Mode"},"sceneLighting":false,"audioPlay":false,"sceneViewState":{"showFog":false,"showMaterialUpdate":false,"showSkybox":false,"showFlares":false,"showImageEffects":false,"showParticleSystems":true},"in2DMode":false,"pivot":{"x":-13.177889823913575,"y":-4.099427700042725,"z":10.143657684326172},"rotation":{"x":0.03894062340259552,"y":0.9607442021369934,"z":-0.20659396052360536,"w":0.18108785152435304},"size":0.7280832529067993,"orthographic":false}