{"cameraMode":{"drawMode":0,"name":"Shaded","section":"Shading Mode"},"sceneLighting":false,"audioPlay":false,"sceneViewState":{"showFog":false,"showMaterialUpdate":false,"showSkybox":false,"showFlares":false,"showImageEffects":false,"showParticleSystems":true},"in2DMode":false,"pivot":{"x":-1.1478064060211182,"y":-0.3901846408843994,"z":-0.46420928835868838},"rotation":{"x":-0.07793233543634415,"y":0.8317149877548218,"z":-0.12086446583271027,"w":-0.5362747311592102},"size":1.5417441129684449,"orthographic":false}