{"cameraMode":{"drawMode":0,"name":"Shaded","section":"Shading Mode"},"sceneLighting":true,"audioPlay":false,"sceneViewState":{"showFog":false,"showMaterialUpdate":false,"showSkybox":false,"showFlares":false,"showImageEffects":false,"showParticleSystems":true},"in2DMode":false,"pivot":{"x":-12.857648849487305,"y":-17.67739486694336,"z":-12.187435150146485},"rotation":{"x":-0.009063764475286007,"y":0.9688233137130737,"z":-0.24512356519699098,"w":-0.03607015684247017},"size":35.62269592285156,"orthographic":false}