{"cameraMode":{"drawMode":0,"name":"Shaded","section":"Shading Mode"},"sceneLighting":false,"audioPlay":false,"sceneViewState":{"showFog":false,"showMaterialUpdate":false,"showSkybox":false,"showFlares":false,"showImageEffects":false,"showParticleSystems":true},"in2DMode":false,"pivot":{"x":1.4901161193847657e-7,"y":0.6597415804862976,"z":0.31555891036987307},"rotation":{"x":0.01819447986781597,"y":0.9814080595970154,"z":-0.14863643050193788,"w":0.12013173848390579},"size":1.926591396331787,"orthographic":false}