{"cameraMode":{"drawMode":0,"name":"Shaded","section":"Shading Mode"},"sceneLighting":false,"audioPlay":false,"sceneViewState":{"showFog":false,"showMaterialUpdate":false,"showSkybox":false,"showFlares":false,"showImageEffects":false,"showParticleSystems":true},"in2DMode":false,"pivot":{"x":0.0019083842635154725,"y":-0.07527954131364823,"z":-0.8028410077095032},"rotation":{"x":0.01819447986781597,"y":0.9814080595970154,"z":-0.14863643050193788,"w":0.12013173848390579},"size":0.5538656711578369,"orthographic":false}