{"cameraMode":{"drawMode":0,"name":"Shaded","section":"Shading Mode"},"sceneLighting":false,"audioPlay":false,"sceneViewState":{"showFog":false,"showMaterialUpdate":false,"showSkybox":false,"showFlares":false,"showImageEffects":false,"showParticleSystems":true},"in2DMode":false,"pivot":{"x":0.2493167519569397,"y":-0.16440355777740479,"z":0.37696850299835207},"rotation":{"x":0.07297136634588242,"y":0.9130335450172424,"z":-0.18774239718914033,"w":0.3547147214412689},"size":1.5248922109603882,"orthographic":false}