{"cameraMode":{"drawMode":0,"name":"Shaded","section":"Shading Mode"},"sceneLighting":false,"audioPlay":false,"sceneViewState":{"showFog":false,"showMaterialUpdate":false,"showSkybox":false,"showFlares":false,"showImageEffects":false,"showParticleSystems":true},"in2DMode":false,"pivot":{"x":1.4901161193847657e-8,"y":1.5969665050506592,"z":-0.7660577297210693},"rotation":{"x":0.03894062340259552,"y":0.9607442021369934,"z":-0.20659396052360536,"w":0.18108785152435304},"size":1.6765565872192383,"orthographic":false}